id_QT;id_questao;id_tag
1;1;1
2;1;2
3;1;3
4;2;7
5;2;8
6;3;7
7;3;8
8;4;10
9;5;12
10;5;13
11;5;14
12;6;15
13;7;10
14;7;17
15;7;18
16;7;19
17;8;21
18;9;22
19;10;93
20;11;23
21;11;24
22;11;25
23;12;26
24;12;27
25;13;22
26;13;29
27;14;14
28;14;30
29;15;10
30;15;17
31;15;18
32;15;19
33;15;22
34;15;31
35;16;33
36;16;34
37;17;7
38;17;8
39;17;14
40;18;22
41;18;25
42;18;36
43;19;22
44;19;37
45;19;38
46;20;53
47;21;14
48;21;26
49;21;40
50;21;121
51;22;7
52;22;28
53;22;41
54;22;90
55;23;21
56;23;68
57;24;43
58;24;66
59;24;72
60;24;76
61;25;11
62;25;12
63;25;13
64;25;21
65;26;44
66;26;45
67;26;74
68;27;21
69;27;70
70;27;83
71;27;92
72;28;19
73;28;46
74;28;66
75;28;89
76;29;18
77;29;19
78;29;41
79;29;121
80;30;83
81;31;10
82;31;19
83;31;20
84;31;94
85;32;8
86;32;47
87;32;55
88;32;123
89;33;7
90;33;38
91;33;48
92;34;7
93;34;21
94;34;22
95;35;6
96;35;7
97;35;11
98;35;49
99;36;55
100;37;55
101;38;21
102;38;39
103;38;51
104;38;121
105;39;19
106;39;25
107;39;44
108;39;74
109;40;112
110;41;8
111;41;53
112;41;54
113;41;55
114;42;55
115;42;67
116;43;50
117;43;55
118;43;118
119;44;57
120;45;27
121;45;73
122;46;27
123;46;36
124;46;53
125;46;103
126;47;29
127;47;53
128;48;75
129;48;78
130;48;91
131;49;75
132;49;91
133;50;6
134;50;11
135;50;14
136;50;19
137;51;19
138;51;21
139;51;90
140;51;109
141;52;20
142;52;67
143;52;87
144;53;10
145;54;55
146;55;7
147;55;53
148;55;55
149;56;53
150;56;104
151;57;30
152;57;53
153;58;27
154;59;22
155;59;60
156;59;61
157;59;63
158;60;19
159;60;27
160;60;78
161;60;91
162;61;46
163;61;54
164;61;62
165;61;89
166;62;6
167;62;27
168;62;63
169;63;7
170;63;18
171;63;50
172;64;54
173;64;75
174;64;83
175;64;91
176;65;64
177;66;41
178;66;43
179;66;54
180;66;83
181;67;35
182;67;65
183;67;91
184;67;118
185;68;19
186;68;20
187;68;21
188;68;28
189;69;25
190;69;66
191;70;112
192;71;40
193;71;90
194;71;109
195;71;121
196;72;42
197;72;67
198;72;112
199;73;55
200;73;68
201;74;6
202;74;86
203;74;121
204;75;20
205;75;21
206;75;70
207;75;83
208;76;22
209;76;42
210;76;54
211;76;71
212;77;7
213;77;27
214;78;19
215;78;22
216;78;36
217;78;103
218;79;41
219;79;112
220;80;19
221;80;112
222;81;44
223;81;74
224;82;22
225;82;27
226;82;72
227;82;75
228;83;73
229;83;76
230;84;14
231;84;19
232;84;41
233;84;55
234;85;77
235;85;104
236;86;7
237;86;38
238;87;78
239;87;83
240;87;90
241;87;109
242;88;79
243;89;19
244;89;100
245;89;118
246;90;21
247;90;81
248;90;113
249;90;121
250;91;121
251;92;19
252;92;82
253;92;83
254;92;105
255;93;50
256;94;7
257;94;25
258;94;42
259;94;50
260;95;53
261;96;5
262;96;6
263;96;48
264;97;20
265;98;8
266;98;20
267;98;26
268;98;28
269;99;29
270;99;55
271;100;53
272;100;93
273;101;21
274;101;48
275;102;11
276;102;25
277;102;52
278;102;54
279;103;55
280;104;90
281;104;95
282;105;40
283;106;19
284;106;22
285;106;55
286;106;72
287;107;21
288;108;3
289;108;19
290;108;87
291;108;104
292;109;38
293;109;72
294;109;123
295;110;46
296;110;75
297;110;89
298;111;5
299;111;20
300;111;48
301;111;53
302;112;44
303;112;45
304;112;74
305;113;44
306;113;45
307;114;7
308;114;21
309;114;51
310;115;7
311;115;21
312;115;53
313;116;11
314;116;21
315;116;37
316;116;55
317;117;7
318;118;7
319;118;90
320;119;21
321;119;48
322;119;70
323;119;92
324;120;22
325;121;38
326;122;37
327;122;38
328;122;83
329;122;94
330;123;18
331;123;19
332;123;96
333;124;20
334;124;115
335;125;7
336;125;14
337;125;86
338;126;38
339;126;72
340;126;104
341;126;123
342;127;19
343;127;75
344;127;112
345;127;123
346;128;83
347;128;101
348;129;7
349;129;21
350;129;25
351;129;55
352;130;53
353;131;22
354;131;55
355;132;20
356;133;20
357;133;48
358;133;53
359;133;63
360;134;82
361;134;99
362;134;105
363;135;7
364;135;53
365;136;73
366;137;22
367;137;36
368;137;38
369;137;42
370;138;60
371;138;83
372;138;104
373;139;4
374;139;9
375;139;18
376;139;95
377;140;53
378;141;6
379;141;11
380;141;48
381;142;42
382;142;54
383;142;55
384;143;6
385;143;11
386;144;14
387;144;19
388;144;27
389;144;55
390;145;25
391;145;44
392;145;74
393;146;78
394;146;83
395;147;21
396;147;33
397;147;77
398;148;9
399;148;19
400;148;22
401;148;62
402;149;19
403;149;32
404;149;69
405;150;19
406;150;25
407;151;6
408;151;26
409;151;27
410;151;35
411;152;14
412;152;48
413;152;121
414;153;7
415;153;22
416;153;83
417;154;22
418;154;83
419;154;107
420;154;108
421;155;93
422;156;19
423;156;48
424;157;43
425;157;48
426;157;66
427;158;55
428;159;19
429;159;79
430;160;7
431;160;13
432;160;51
433;160;106
434;161;20
435;161;97
436;161;105
437;161;110
438;162;42
439;162;66
440;163;52
441;163;83
442;163;121
443;164;20
444;164;112
445;165;113
446;166;38
447;166;73
448;166;74
449;166;114
450;167;36
451;168;30
452;168;121
453;169;60
454;170;93
455;171;37
456;171;72
457;171;117
458;172;30
459;173;50
460;173;55
461;173;118
462;174;63
463;174;114
464;175;75
465;175;91
466;176;13
467;177;14
468;178;7
469;179;121
470;180;53
471;181;55
472;182;83
473;183;40
474;184;42
475;185;83
476;186;7
477;186;13
478;186;77
479;186;104
480;187;14
481;188;18
482;188;24
483;189;44
484;189;74
485;189;107
486;190;53
487;191;27
488;191;38
489;191;72
490;191;105
491;192;7
492;192;13
493;193;42
494;194;21
495;194;72
496;195;7
497;195;121
498;196;67
499;197;72
500;197;83
501;198;26
502;198;27
503;198;35
504;198;112
505;199;21
506;199;27
507;200;19
508;200;60
509;201;20
510;201;21
511;201;55
512;202;20
513;202;21
514;202;55
515;203;53
516;203;60
517;203;61
518;204;7
519;204;21
520;204;29
521;204;83
522;205;53
523;205;93
524;206;12
525;206;90
526;206;121
527;207;14
528;207;25
529;207;72
530;208;42
531;209;19
532;209;54
533;209;60
534;209;81
535;210;25
536;210;72
537;211;43
538;211;50
539;211;100
540;212;22
541;212;25
542;212;105
543;213;51
544;214;7
545;214;51
546;214;52
547;214;121
548;215;38
549;215;53
550;215;55
551;215;83
552;216;48
553;216;86
554;217;53
555;218;40
556;218;54
557;218;59
558;218;121
559;219;60
560;219;83
561;220;19
562;220;22
563;220;53
564;220;112
565;221;42
566;222;22
567;222;55
568;222;75
569;222;121
570;223;19
571;223;62
572;224;21
573;225;25
574;225;44
575;225;74
576;225;75
577;226;38
578;226;72
579;226;123
580;227;7
581;227;19
582;228;62
583;229;30
584;229;40
585;229;99
586;230;18
587;230;60
588;230;66
589;231;112
590;232;53
591;233;61
592;233;96
593;234;7
594;234;22
595;234;87
596;234;112
597;235;20
598;235;112
599;236;38
600;236;50
601;237;6
602;237;11
603;237;67
604;237;83
605;238;21
606;239;35
607;239;37
608;239;66
609;240;7
610;241;21
611;241;41
612;242;53
613;243;38
614;243;75
615;243;83
616;244;22
617;244;25
618;244;53
619;244;85
620;245;63
621;245;87
622;246;7
623;246;21
624;246;77
625;246;104
626;247;21
627;247;22
628;247;90
629;247;109
630;248;19
631;248;100
632;249;27
633;250;75
634;251;38
635;251;83
636;251;119
637;252;7
638;252;48
639;253;38
640;253;83
641;253;87
642;253;97
643;254;112
644;255;25
645;255;75
646;255;85
647;255;90
648;256;20
649;256;41
650;256;114
651;257;20
652;257;38
653;257;41
654;257;48
655;258;22
656;258;96
657;259;112
658;259;118
659;260;25
660;260;36
661;260;104
662;261;8
663;261;66
664;261;80
665;261;118
666;262;21
667;262;27
668;262;85
669;263;90
670;264;44
671;265;3
672;265;14
673;265;21
674;266;42
675;267;19
676;267;22
677;267;25
678;267;55
679;268;44
680;268;75
681;269;57
682;270;33
683;270;51
684;270;82
685;270;105
686;271;18
687;271;21
688;272;53
689;273;26
690;273;38
691;273;90
692;273;109
693;274;7
694;274;19
695;274;91
696;275;44
697;275;72
698;276;42
699;277;112
700;278;44
701;278;45
702;278;74
703;279;53
704;280;20
705;280;22
706;280;38
707;281;6
708;281;18
709;281;35
710;281;77
711;282;73
712;283;7
713;283;21
714;283;77
715;284;4
716;284;9
717;284;16
718;284;83
719;285;75
720;286;21
721;287;104
722;288;93
723;289;22
724;290;44
725;290;75
726;290;107
727;291;36
728;291;83
729;292;9
730;292;21
731;292;53
732;292;118
733;293;53
734;294;63
735;295;44
736;296;19
737;296;38
738;296;48
739;297;53
740;298;30
741;298;83
742;298;90
743;299;44
744;299;75
745;300;53
746;300;93
747;301;83
748;302;112
749;303;48
750;303;75
751;303;83
752;303;121
753;304;14
754;305;22
755;305;44
756;306;21
757;306;55
758;306;113
759;307;20
760;307;26
761;308;18
762;308;66
763;308;76
764;309;27
765;309;38
766;310;38
767;310;48
768;310;70
769;311;40
770;312;44
771;312;73
772;313;83
773;314;78
774;314;123
775;315;53
776;316;13
777;317;14
778;317;19
779;317;63
780;317;109
781;318;25
782;318;104
783;319;25
784;319;38
785;319;104
786;320;7
787;320;53
788;321;38
789;321;120
790;322;60
791;322;62
792;322;75
793;322;123
794;323;112
795;324;53
796;325;115
797;326;22
798;327;42
799;327;53
800;328;19
801;328;21
802;328;41
803;328;75
804;329;6
805;329;121
806;330;22
807;330;85
808;331;53
809;332;12
810;332;78
811;332;80
812;332;118
813;333;22
814;333;66
815;334;53
816;335;54
817;335;75
818;336;42
819;336;53
820;337;20
821;337;21
822;337;82
823;337;105
824;338;38
825;338;62
826;339;18
827;339;35
828;340;20
829;340;76
830;341;53
831;342;38
832;342;83
833;343;54
834;343;55
835;344;23
836;344;85
837;345;85
838;346;53
839;347;4
840;347;9
841;347;16
842;347;21
843;348;83
844;349;20
845;349;121
846;350;32
847;350;75
848;350;100
849;350;104
850;351;37
851;351;83
852;352;67
853;353;112
854;354;38
855;354;65
856;355;7
857;355;48
858;355;55
859;356;83
860;356;100
861;357;55
862;358;73
863;359;75
864;360;25
865;360;27
866;361;75
867;362;18
868;362;24
869;363;19
870;364;26
871;364;27
872;364;90
873;364;121
874;365;44
875;365;83
876;365;117
877;366;74
878;367;22
879;367;121
880;368;121
881;369;53
882;370;27
883;371;7
884;372;38
885;372;52
886;372;83
887;373;19
888;373;21
889;373;22
890;374;112
891;375;27
892;375;37
893;375;38
894;375;118
895;376;70
896;377;72
897;378;75
898;379;18
899;379;74
900;380;53
901;381;4
902;381;9
903;382;7
904;382;27
905;382;121
906;383;22
907;383;112
908;384;7
909;384;39
910;384;51
911;384;121
912;385;53
913;386;21
914;386;90
915;386;109
916;387;67
917;387;87
918;387;112
919;388;22
920;388;61
921;388;83
922;388;87
923;389;73
924;390;7
925;391;74
926;392;53
927;393;19
928;393;60
929;394;7
930;394;27
931;394;33
932;395;21
933;395;36
934;395;70
935;395;104
936;396;21
937;396;44
938;396;70
939;396;71
940;397;104
941;398;33
942;398;97
943;398;105
944;399;20
945;399;41
946;400;22
947;400;50
948;401;13
949;402;8
950;402;82
951;403;22
952;403;66
953;403;72
954;404;53
955;405;112
956;406;4
957;406;9
958;406;21
959;406;53
960;407;83
961;408;83
962;409;13
963;410;21
964;410;27
965;410;56
966;410;121
967;411;39
968;412;6
969;412;7
970;412;19
971;412;51
972;413;7
973;413;78
974;414;18
975;414;44
976;414;45
977;414;74
978;415;93
979;416;52
980;416;97
981;417;27
982;417;121
983;418;38
984;418;73
985;418;87
986;418;112
987;419;54
988;419;112
989;420;7
990;420;13
991;420;19
992;420;75
993;421;21
994;421;33
995;421;55
996;422;63
997;422;86
998;423;48
999;424;18
1000;424;20
1001;424;22
1002;424;38
1003;425;21
1004;425;36
1005;425;53
1006;425;73
1007;426;53
1008;426;93
1009;427;41
1010;427;60
1011;427;75
1012;427;108
1013;428;9
1014;428;12
1015;429;18
1016;430;20
1017;430;21
1018;430;87
1019;431;74
1020;431;112
1021;432;73
1022;432;121
1023;433;44
1024;433;62
1025;434;53
1026;435;27
1027;436;22
1028;436;61
1029;436;66
1030;436;104
1031;437;22
1032;437;66
1033;438;53
1034;439;7
1035;440;19
1036;440;36
1037;440;83
1038;440;104
1039;441;37
1040;442;83
1041;443;7
1042;443;38
1043;443;112
1044;444;18
1045;444;36
1046;444;121
1047;445;21
1048;445;70
1049;445;75
1050;445;91
1051;446;53
1052;447;4
1053;447;9
1054;447;84
1055;448;7
1056;448;21
1057;448;41
1058;448;54
1059;449;112
1060;450;22
1061;450;44
1062;450;74
1063;450;118
1064;451;112
1065;452;75
1066;453;44
1067;453;75
1068;454;18
1069;455;21
1070;455;33
1071;455;55
1072;455;118
1073;456;4
1074;456;9
1075;456;72
1076;457;42
1077;457;63
1078;458;55
1079;458;112
1080;458;118
1081;459;13
1082;459;55
1083;459;112
1084;460;44
1085;460;74
1086;460;78
1087;460;121
1088;461;72
1089;462;93
1090;463;60
1091;463;62
1092;463;75
1093;463;97
1094;464;22
1095;464;53
1096;465;7
1097;465;26
1098;465;27
1099;465;40
1100;466;67
1101;466;69
1102;467;13
1103;467;19
1104;467;22
1105;467;112
1106;468;19
1107;468;20
1108;468;22
1109;468;38
1110;469;27
1111;470;7
1112;470;69
1113;470;121
1114;471;13
1115;471;19
1116;471;21
1117;471;28
1118;472;53
1119;473;63
1120;474;53
1121;475;38
1122;475;83
1123;476;22
1124;476;23
1125;477;22
1126;477;89
1127;478;53
1128;479;21
1129;480;53
1130;481;73
1131;481;75
1132;482;22
1133;483;41
1134;484;14
1135;484;44
1136;484;115
1137;485;53
1138;485;93
1139;486;38
1140;487;53
1141;488;42
1142;489;78
1143;490;14
1144;490;27
1145;490;123
1146;491;72
1147;492;83
1148;493;18
1149;493;21
1150;493;41
1151;494;38
1152;495;14
1153;495;44
1154;495;50
1155;495;64
1156;496;42
1157;496;53
1158;497;53
1159;497;93
1160;498;22
1161;498;112
1162;499;75
1163;500;13
1164;501;112
1165;502;14
1166;502;78
1167;502;121
1168;503;53
1169;504;40
1170;504;63
1171;505;53
1172;505;83
1173;506;53
1174;507;22
1175;508;121
1176;509;53
1177;510;24
1178;510;112
1179;511;35
1180;511;65
1181;511;70
1182;512;22
1183;512;44
1184;512;107
1185;513;60
1186;513;83
1187;513;96
1188;514;6
1189;514;11
1190;515;22
1191;515;29
1192;515;54
1193;516;22
1194;516;36
1195;516;113
1196;517;61
1197;517;75
1198;517;80
1199;517;118
1200;518;74
1201;519;38
1202;519;75
1203;520;53
1204;520;93
1205;521;53
1206;521;83
1207;522;44
1208;523;13
1209;523;20
1210;524;53
1211;525;78
1212;525;83
1213;526;81
1214;527;53
1215;528;63
1216;528;67
1217;528;108
1218;529;22
1219;529;90
1220;529;109
1221;530;27
1222;530;112
1223;530;121
1224;531;83
1225;532;53
1226;533;8
1227;534;75
1228;535;14
1229;536;22
1230;536;74
1231;536;114
1232;537;74
1233;538;19
1234;539;53
1235;540;42
1236;540;54
1237;540;59
1238;540;76
1239;541;27
1240;541;48
1241;542;44
1242;542;60
1243;542;85
1244;543;28
1245;543;75
1246;544;53
1247;545;53
1248;546;93
1249;547;22
1250;547;55
1251;547;70
1252;547;124
1253;548;22
1254;548;53
1255;548;71
1256;549;20
1257;549;26
1258;549;53
1259;549;87
1260;550;14
1261;550;31
1262;550;32
1263;550;72
1264;551;22
1265;551;78
1266;552;83
1267;552;93
1268;553;83
1269;553;84
1270;554;12
1271;554;53
1272;554;56
1273;554;87
1274;555;38
1275;555;75
1276;556;18
1277;556;19
1278;556;123
1279;557;13
1280;557;38
1281;557;113
1282;557;121
1283;558;53
1284;559;22
1285;559;27
1286;560;28
1287;561;112
1288;562;48
1289;562;112
1290;563;13
1291;563;18
1292;564;123
1293;565;41
1294;565;66
1295;565;72
1296;565;112
1297;566;76
1298;567;53
1299;568;55
1300;568;78
1301;569;64
1302;569;74
1303;570;83
1304;570;93
1305;571;112
1306;572;70
1307;573;13
1308;573;18
1309;573;25
1310;574;6
1311;574;11
1312;575;27
1313;575;44
1314;575;74
1315;576;91
1316;577;24
1317;577;28
1318;577;75
1319;578;44
1320;579;38
1321;579;112
1322;580;53
1323;580;93
1324;581;19
1325;582;19
1326;583;7
1327;583;19
1328;583;108
1329;584;76
1330;584;83
1331;585;53
1332;586;53
1333;587;53
1334;588;53
1335;589;18
1336;589;28
1337;589;38
1338;590;53
1339;590;93
1340;591;93
1341;592;93
1342;593;87
1343;593;117
1344;594;78
1345;595;52
1346;595;67
1347;595;75
1348;596;48
1349;596;50
1350;597;53
1351;598;75
1352;599;53
1353;600;63
1354;600;101
1355;601;14
1356;601;94
1357;602;87
1358;603;112
1359;604;41
1360;605;82
1361;606;72
1362;606;83
1363;607;38
1364;607;87
1365;607;112
1366;608;75
1367;608;121
1368;609;53
1369;610;72
1370;611;74
1371;612;37
1372;612;55
1373;613;53
1374;614;55
1375;614;83
1376;615;22
1377;615;44
1378;615;114
1379;616;83
1380;617;42
1381;617;55
1382;618;53
1383;619;91
1384;620;121
1385;621;27
1386;621;71
1387;622;22
1388;622;104
1389;623;14
1390;623;78
1391;624;20
1392;625;53
1393;626;53
1394;626;93
1395;627;104
1396;628;38
1397;629;18
1398;629;60
1399;630;38
1400;630;51
1401;631;22
1402;632;55
1403;633;67
1404;634;38
1405;634;87
1406;635;53
1407;636;42
1408;637;44
1409;638;48
1410;639;93
1411;640;93
1412;641;21
1413;641;38
1414;641;70
1415;641;84
1416;642;121
1417;643;67
1418;644;7
1419;644;25
1420;644;75
1421;644;121
1422;645;27
1423;646;12
1424;646;38
1425;646;55
1426;646;105
1427;647;63
1428;647;90
1429;648;19
1430;648;76
1431;649;104
1432;650;27
1433;650;37
1434;650;38
1435;651;112
1436;652;117
1437;653;6
1438;653;18
1439;653;51
1440;653;90
1441;654;112
1442;655;38
1443;655;62
1444;656;7
1445;657;8
1446;657;19
1447;657;42
1448;658;53
1449;659;2
1450;659;69
1451;660;55
1452;661;16
1453;661;38
1454;661;75
1455;661;120
1456;662;53
1457;662;93
1458;663;20
1459;663;38
1460;663;120
1461;664;28
1462;664;75
1463;665;82
1464;666;6
1465;666;26
1466;666;38
1467;667;38
1468;667;83
1469;667;103
1470;668;22
1471;668;25
1472;668;38
1473;668;44
1474;669;78
1475;670;21
1476;670;29
1477;670;53
1478;670;55
1479;671;18
1480;671;115
1481;672;53
1482;673;53
1483;674;53
1484;674;93
1485;675;18
1486;676;121
1487;677;38
1488;677;112
1489;678;19
1490;679;25
1491;679;87
1492;679;105
1493;680;7
1494;680;38
1495;680;113
1496;681;53
1497;682;25
1498;682;37
1499;683;38
1500;683;115
1501;684;44
1502;684;74
1503;684;75
1504;684;114
1505;685;38
1506;686;53
1507;687;93
1508;688;93
1509;689;83
1510;690;14
1511;691;53
1512;692;97
1513;693;38
1514;693;75
1515;693;121
1516;694;44
1517;695;42
1518;696;72
1519;697;27
1520;698;53
1521;699;112
1522;700;42
1523;701;18
1524;701;38
1525;702;19
1526;702;75
1527;703;53
1528;704;38
1529;705;38
1530;706;112
1531;706;121
1532;707;83
1533;708;14
1534;708;27
1535;709;82
1536;710;63
1537;711;53
1538;712;60
1539;712;61
1540;712;75
1541;713;53
1542;714;53
1543;715;53
1544;716;25
1545;716;83
1546;717;7
1547;718;115
1548;719;53
1549;720;42
1550;721;63
1551;722;53
1552;722;93
1553;723;115
1554;724;72
1555;725;53
1556;726;53
1557;727;53
1558;728;70
1559;729;53
1560;730;67
1561;731;53
1562;732;53
1563;733;44
1564;733;75
1565;734;20
1566;735;40
1567;735;80
1568;735;118
1569;735;121
1570;736;93
1571;737;6
1572;738;53
1573;739;82
1574;739;105
1575;740;72
1576;741;12
1577;741;121
1578;742;42
1579;743;12
1580;743;19
1581;744;64
1582;745;83
1583;746;53
1584;747;14
1585;748;83
1586;749;91
1587;750;53
1588;751;53
1589;752;44
1590;753;55
1591;753;72
1592;753;83
1593;754;83
1594;755;22
1595;756;14
1596;756;20
1597;756;41
1598;757;75
1599;758;114
1600;759;7
1601;759;55
1602;760;12
1603;760;18
1604;760;67
1605;760;112
1606;761;28
1607;762;42
1608;762;53
1609;763;22
1610;763;44
1611;763;45
1612;763;74
1613;764;41
1614;765;53
1615;766;7
1616;766;22
1617;766;75
1618;766;121
1619;767;7
1620;767;14
1621;767;19
1622;767;53
1623;768;26
1624;768;27
1625;768;78
1626;768;121
1627;769;42
1628;769;54
1629;770;53
1630;770;93
1631;771;6
1632;771;11
1633;771;118
1634;772;19
1635;773;18
1636;773;90
1637;773;109
1638;773;113
1639;774;60
1640;774;61
1641;774;75
1642;775;72
1643;776;18
1644;776;27
1645;776;118
1646;776;121
1647;777;3
1648;777;78
1649;778;83
1650;778;112
1651;779;7
1652;779;40
1653;779;41
1654;779;99
1655;780;37
1656;780;125
1657;781;12
1658;781;29
1659;781;78
1660;782;4
1661;782;9
1662;782;48
1663;783;93
1664;784;93
1665;785;83
1666;785;124
1667;786;7
1668;786;51
1669;786;55
1670;787;55
1671;787;83
1672;788;22
1673;788;23
1674;788;74
1675;788;107
1676;789;75
1677;790;22
1678;790;105
1679;791;4
1680;791;9
1681;792;22
1682;792;38
1683;792;120
1684;793;42
1685;793;53
1686;794;22
1687;795;53
1688;796;108
1689;797;19
1690;798;48
1691;799;67
1692;799;69
1693;800;38
1694;800;75
1695;801;7
1696;801;38
1697;801;78
1698;801;97
1699;802;14
1700;803;7
1701;803;121
1702;804;22
1703;804;27
1704;805;83
1705;806;53
1706;807;41
1707;808;53
1708;809;38
1709;810;57
1710;811;59
1711;812;53
1712;812;87
1713;813;112
1714;814;44
1715;814;75
1716;815;54
1717;815;59
1718;815;105
1719;816;4
1720;816;9
1721;816;16
1722;816;18
1723;817;53
1724;818;53
1725;818;93
1726;819;53
1727;820;7
1728;820;21
1729;821;14
1730;821;19
1731;821;29
1732;822;104
1733;823;42
1734;824;32
1735;824;104
1736;825;19
1737;825;30
1738;826;25
1739;826;117
1740;827;87
1741;828;75
1742;829;72
1743;830;20
1744;830;53
1745;830;67
1746;831;53
1747;832;93
